nose_x,nose_y,right_hip_x,right_hip_y,right_knee_x,right_knee_y,right_ankle_x,right_ankle_y,left_hip_x,left_hip_y,left_knee_x,left_knee_y,left_ankle_x,left_ankle_y,right_shoulder_x,right_shoulder_y,left_shoulder_x,left_shoulder_y
0.021805360913276672,0.24413460493087769,-0.050743326544761658,-0.0023115873336791992,-0.054015681147575378,-0.17056173086166382,-0.088654264807701111,-0.31869739294052124,0.050743326544761658,0.0023115873336791992,0.067103162407875061,-0.14998018741607666,0.050804033875465393,-0.2885928750038147,-0.1082863062620163,0.1655806303024292,0.058837249875068665,0.15612423419952393
0.019754976034164429,0.24631181359291077,-0.051269292831420898,-0.0015573203563690186,-0.054999619722366333,-0.17060616612434387,-0.089093893766403198,-0.31751284003257751,0.051269292831420898,0.0015573203563690186,0.066738039255142212,-0.14892509579658508,0.050239801406860352,-0.28757581114768982,-0.10838255286216736,0.16689440608024597,0.059509396553039551,0.15735772252082825
0.019847780466079712,0.24461716413497925,-0.050956100225448608,-0.0025129318237304688,-0.055256307125091553,-0.17165577411651611,-0.089507937431335449,-0.31891494989395142,0.050956100225448608,0.0025129318237304688,0.066483914852142334,-0.15045464038848877,0.049728453159332275,-0.28903079032897949,-0.10855433344841003,0.16546040773391724,0.058949500322341919,0.15593409538269043
0.021135866641998291,0.24508926272392273,-0.051268279552459717,-0.0026275813579559326,-0.055015116930007935,-0.17107132077217102,-0.08915787935256958,-0.31839641928672791,0.051268279552459717,0.0026275813579559326,0.066828876733779907,-0.14989039301872253,0.04998055100440979,-0.28832677006721497,-0.10818269848823547,0.16614231467247009,0.058250159025192261,0.15684136748313904
0.022001549601554871,0.24513354897499084,-0.051548555493354797,-0.0028049647808074951,-0.054712340235710144,-0.17155006527900696,-0.089028820395469666,-0.31808933615684509,0.051548555493354797,0.0028049647808074951,0.06688825786113739,-0.14977279305458069,0.050164595246315002,-0.28808018565177917,-0.10769779980182648,0.16647902131080627,0.059003189206123352,0.15692678093910217
0.024711653590202332,0.24316173791885376,-0.050684168934822083,-0.0022214055061340332,-0.054337337613105774,-0.1719810962677002,-0.088901594281196594,-0.31876116991043091,0.050684168934822083,0.0022214055061340332,0.067521199584007263,-0.15054357051849365,0.050367757678031921,-0.28879719972610474,-0.10698823630809784,0.16564548015594482,0.058876112103462219,0.15644639730453491
0.026617243885993958,0.24389061331748962,-0.051262661814689636,-0.0016353428363800049,-0.054885819554328918,-0.17061945796012878,-0.089368298649787903,-0.31719902157783508,0.051262661814689636,0.0016353428363800049,0.066633060574531555,-0.14932557940483093,0.049742385745048523,-0.28722372651100159,-0.10712869465351105,0.16751375794410706,0.058470115065574646,0.15804633498191833
0.027247607707977295,0.24459800124168396,-0.050605833530426025,-0.0021432936191558838,-0.056851178407669067,-0.17040207982063293,-0.090993791818618774,-0.31601718068122864,0.050605833530426025,0.0021432936191558838,0.065219610929489136,-0.14832857251167297,0.048072606325149536,-0.286012202501297,-0.10844877362251282,0.1689436137676239,0.056126445531845093,0.15915516018867493
0.028042644262313843,0.24314618110656738,-0.050261616706848145,-0.0022730827331542969,-0.057119697332382202,-0.16934359073638916,-0.091460824012756348,-0.31553423404693604,0.050261616706848145,0.0022730827331542969,0.064810037612915039,-0.14783614873886108,0.047728061676025391,-0.28575080633163452,-0.10857036709785461,0.16937088966369629,0.053984165191650391,0.15950191020965576
0.023589938879013062,0.24379971623420715,-0.048157066106796265,-0.0026963651180267334,-0.063166171312332153,-0.16808530688285828,-0.097796767950057983,-0.31440314650535583,0.048157066106796265,0.0026963651180267334,0.058370321989059448,-0.14717254042625427,0.041568368673324585,-0.28469076752662659,-0.11352261900901794,0.17077460885047913,0.048337787389755249,0.16073128581047058
0.023468807339668274,0.24547019600868225,-0.046331927180290222,-0.0027057826519012451,-0.064892962574958801,-0.16661718487739563,-0.09959585964679718,-0.31422135233879089,0.046331927180290222,0.0027057826519012451,0.056746289134025574,-0.14679136872291565,0.039647743105888367,-0.28428354859352112,-0.1146562248468399,0.17161968350410461,0.047823742032051086,0.16133454442024231
0.03649449348449707,0.24623730778694153,-0.050035804510116577,-0.0022391378879547119,-0.053372859954833984,-0.16690030694007874,-0.088420748710632324,-0.31418338418006897,0.050035804510116577,0.0022391378879547119,0.069543242454528809,-0.14732947945594788,0.050902009010314941,-0.28436210751533508,-0.10270288586616516,0.17224237322807312,0.059460908174514771,0.16174402832984924
0.041311487555503845,0.25057736039161682,-0.052860185503959656,-0.0026342570781707764,-0.047769352793693542,-0.16558584570884705,-0.084217622876167297,-0.31004706025123596,0.052860185503959656,0.0026342570781707764,0.07900671660900116,-0.14471706748008728,0.055359289050102234,-0.28105214238166809,-0.096028432250022888,0.17618110775947571,0.065756157040596008,0.16459301114082336
0.044874504208564758,0.24704840779304504,-0.05035121738910675,-0.0011538565158843994,-0.045063301920890808,-0.16458913683891296,-0.083923324942588806,-0.31085976958274841,0.05035121738910675,0.0011538565158843994,0.083736106753349304,-0.14504978060722351,0.0558500736951828,-0.28125759959220886,-0.094258442521095276,0.17489013075828552,0.06895880401134491,0.16364851593971252
0.053282096982002258,0.2443946897983551,-0.049088820815086365,-0.0013476312160491943,-0.040414914488792419,-0.16586962342262268,-0.081574425101280212,-0.31220909953117371,0.049088820815086365,0.0013476312160491943,0.090469226241111755,-0.1472456157207489,0.058367744088172913,-0.28218141198158264,-0.090845212340354919,0.17302027344703674,0.073364362120628357,0.16057351231575012
0.056012704968452454,0.24304896593093872,-0.049033984541893005,-0.0008652806282043457,-0.034865871071815491,-0.16723757982254028,-0.079826489090919495,-0.31264328956604004,0.049033984541893005,0.0008652806282043457,0.096870675683021545,-0.14803540706634521,0.0600118488073349,-0.28244882822036743,-0.087326422333717346,0.17178475856781006,0.07838614284992218,0.1587185263633728
0.064183890819549561,0.24354773759841919,-0.049512714147567749,-0.00054711103439331055,-0.028862446546554565,-0.1658940315246582,-0.077405005693435669,-0.31014108657836914,0.049512714147567749,0.00054711103439331055,0.10803359746932983,-0.14570188522338867,0.063130319118499756,-0.27823227643966675,-0.0821036696434021,0.17105948925018311,0.082834571599960327,0.15782690048217773
0.072774976491928101,0.24114608764648438,-0.049512535333633423,-0.0011107325553894043,-0.020871520042419434,-0.16154605150222778,-0.072955876588821411,-0.30397427082061768,0.049512535333633423,0.0011107325553894043,0.12239867448806763,-0.14067298173904419,0.068640470504760742,-0.27144300937652588,-0.07362779974937439,0.17153215408325195,0.089217513799667358,0.15862244367599487
0.081689313054084778,0.23094221949577332,-0.052515342831611633,-0.00066909193992614746,-0.015556648373603821,-0.16455510258674622,-0.070307269692420959,-0.30551472306251526,0.052515342831611633,0.00066909193992614746,0.13116945326328278,-0.13994035124778748,0.071523532271385193,-0.26958206295967102,-0.064945653080940247,0.16448983550071716,0.092718705534934998,0.15336140990257263
0.092172563076019287,0.23032882809638977,-0.048249274492263794,-0.00024947524070739746,-0.003698885440826416,-0.16494438052177429,-0.060433298349380493,-0.2986738383769989,0.048249274492263794,0.00024947524070739746,0.14689972996711731,-0.13495072722434998,0.081756144762039185,-0.26285603642463684,-0.049605727195739746,0.16222205758094788,0.10696509480476379,0.15073004364967346
0.10547465085983276,0.22222927212715149,-0.048362791538238525,-0.00073155760765075684,0.0030399858951568604,-0.15750971436500549,-0.055356234312057495,-0.29142394661903381,0.048362791538238525,0.00073155760765075684,0.15808436274528503,-0.12878647446632385,0.087149441242218018,-0.25420776009559631,-0.03689083456993103,0.15823271870613098,0.1191093921661377,0.14775541424751282
0.11432674527168274,0.21496284008026123,-0.047654211521148682,-0.0015844106674194336,0.0066252350807189941,-0.15218561887741089,-0.054197549819946289,-0.28270655870437622,0.047654211521148682,0.0015844106674194336,0.16673371195793152,-0.12232404947280884,0.089857280254364014,-0.2442590594291687,-0.026488244533538818,0.15397828817367554,0.12796175479888916,0.14383643865585327
0.12045319378376007,0.21294456720352173,-0.050104424357414246,-0.0028805732727050781,0.008741334080696106,-0.14703398942947388,-0.050400957465171814,-0.27172970771789551,0.050104424357414246,0.0028805732727050781,0.17296169698238373,-0.11229252815246582,0.093212142586708069,-0.23337370157241821,-0.01785607635974884,0.14871358871459961,0.13614068925380707,0.14163756370544434
0.13615316152572632,0.20047831535339355,-0.050263196229934692,-0.0022316575050354004,0.012181550264358521,-0.13840776681900024,-0.046817511320114136,-0.2622600793838501,0.050263196229934692,0.0022316575050354004,0.18102693557739258,-0.10305726528167725,0.096659034490585327,-0.22342061996459961,-0.007580488920211792,0.14354497194290161,0.14547580480575562,0.13743042945861816
0.14363174140453339,0.19314980506896973,-0.051427736878395081,-0.0014771223068237305,0.015984788537025452,-0.13123297691345215,-0.044314131140708923,-0.25375723838806152,0.051427736878395081,0.0014771223068237305,0.18835310637950897,-0.096354126930236816,0.10036931931972504,-0.21455180644989014,-4.4554471969604492e-06,0.13603639602661133,0.1542724221944809,0.13061332702636719
0.14858637750148773,0.18406108021736145,-0.053170695900917053,-0.0020985305309295654,0.013356462121009827,-0.11979243159294128,-0.047218456864356995,-0.24211129546165466,0.053170695900917053,0.0020985305309295654,0.1892196387052536,-0.084587663412094116,0.097333565354347229,-0.1998114287853241,0.00032304227352142334,0.13291111588478088,0.15685693919658661,0.12986239790916443
0.1531682014465332,0.18195259571075439,-0.05515676736831665,-0.0018998384475708008,0.013441234827041626,-0.11073577404022217,-0.047361403703689575,-0.23032253980636597,0.05515676736831665,0.0018998384475708008,0.19375753402709961,-0.074749469757080078,0.096871823072433472,-0.18866020441055298,0.0061922669410705566,0.13038963079452515,0.15907812118530273,0.12753212451934814
0.15900136530399323,0.17371562123298645,-0.056352540850639343,-0.0025688707828521729,0.01543031632900238,-0.10166206955909729,-0.045576319098472595,-0.2191607654094696,0.056352540850639343,0.0025688707828521729,0.19814933836460114,-0.065140634775161743,0.098998799920082092,-0.17802527546882629,0.012993082404136658,0.12606653571128845,0.16159160435199738,0.12534376978874207
0.15802273154258728,0.16636556386947632,-0.056900620460510254,-0.0051368474960327148,0.0099645853042602539,-0.093701720237731934,-0.049830198287963867,-0.21126246452331543,0.056900620460510254,0.0051368474960327148,0.19614490866661072,-0.057294070720672607,0.094411998987197876,-0.16911303997039795,0.010141909122467041,0.12086278200149536,0.16178253293037415,0.12009704113006592
0.16775752604007721,0.16074740886688232,-0.056944355368614197,-0.0037944316864013672,0.0166921466588974,-0.084100604057312012,-0.043523862957954407,-0.20457381010055542,0.056944355368614197,0.0037944316864013672,0.20624031126499176,-0.051886439323425293,0.10062275826931,-0.16259461641311646,0.017294600605964661,0.11654245853424072,0.16812600195407867,0.1160704493522644
0.17101159691810608,0.15446913242340088,-0.055005431175231934,-0.0035279989242553711,0.018163472414016724,-0.078686654567718506,-0.042080163955688477,-0.1991538405418396,0.055005431175231934,0.0035279989242553711,0.20901796221733093,-0.046187877655029297,0.10237610340118408,-0.15742677450180054,0.018959283828735352,0.1131054162979126,0.17233631014823914,0.11241233348846436
0.17278651893138885,0.15626904368400574,-0.054694369435310364,-0.0030455887317657471,0.01700909435749054,-0.076285392045974731,-0.042649939656257629,-0.19441327452659607,0.054694369435310364,0.0030455887317657471,0.20947353541851044,-0.042009621858596802,0.10118825733661652,-0.15263721346855164,0.019154563546180725,0.11086341738700867,0.17456303536891937,0.11003485321998596
0.1734994649887085,0.14880236983299255,-0.056984871625900269,-0.0029371082782745361,0.015199035406112671,-0.07618829607963562,-0.042930334806442261,-0.19361177086830139,0.056984871625900269,0.0029371082782745361,0.20788151025772095,-0.040099352598190308,0.10060805082321167,-0.15118440985679626,0.018117040395736694,0.10783800482749939,0.17229253053665161,0.10744932293891907
0.17558127641677856,0.15009322762489319,-0.057443886995315552,-0.0025466978549957275,0.018348366022109985,-0.074840754270553589,-0.039729803800582886,-0.19283387064933777,0.057443886995315552,0.0025466978549957275,0.21088117361068726,-0.038729339838027954,0.10339689254760742,-0.15027281641960144,0.020719319581985474,0.10810902714729309,0.17494267225265503,0.10822823643684387
0.17594230175018311,0.15144643187522888,-0.057745188474655151,-0.0035251080989837646,0.020625770092010498,-0.07712140679359436,-0.038102269172668457,-0.19627776741981506,0.057745188474655151,0.0035251080989837646,0.21118330955505371,-0.042189985513687134,0.10424524545669556,-0.15303459763526917,0.022009521722793579,0.10817530751228333,0.17682564258575439,0.10639753937721252
0.17492876946926117,0.15480825304985046,-0.0552949458360672,-0.0032206475734710693,0.022574916481971741,-0.077627211809158325,-0.037355825304985046,-0.19802215695381165,0.0552949458360672,0.0032206475734710693,0.21112357079982758,-0.043126553297042847,0.104913130402565,-0.15499761700630188,0.022746101021766663,0.11240151524543762,0.17701767385005951,0.10985293984413147
0.17197631299495697,0.15868008136749268,-0.056592896580696106,-0.004166722297668457,0.026714280247688293,-0.084633946418762207,-0.036409512162208557,-0.20437783002853394,0.056592896580696106,0.004166722297668457,0.21085356175899506,-0.049806475639343262,0.10571961104869843,-0.16233664751052856,0.021968528628349304,0.11389845609664917,0.17709843814373016,0.11003100872039795
0.16396902501583099,0.16471311450004578,-0.057721659541130066,-0.0048176944255828857,0.023471370339393616,-0.089761227369308472,-0.041643634438514709,-0.21104559302330017,0.057721659541130066,0.0048176944255828857,0.20244495570659637,-0.05666545033454895,0.10061030089855194,-0.16869929432868958,0.014864727854728699,0.11686035990715027,0.16788564622402191,0.11469712853431702
0.16445775330066681,0.16784393787384033,-0.060100898146629333,-0.0025283098220825195,0.02594400942325592,-0.096946895122528076,-0.03953687846660614,-0.22011232376098633,0.060100898146629333,0.0025283098220825195,0.19958741962909698,-0.065773189067840576,0.10284973680973053,-0.17863667011260986,0.016221567988395691,0.11986744403839111,0.16761715710163116,0.11705553531646729
0.1610434353351593,0.17088824510574341,-0.057958841323852539,-0.0011435151100158691,0.022766828536987305,-0.10512763261795044,-0.040976285934448242,-0.22897809743881226,0.057958841323852539,0.0011435151100158691,0.19298246502876282,-0.073071658611297607,0.10149544477462769,-0.18892747163772583,0.014113783836364746,0.12373346090316772,0.16602751612663269,0.11984044313430786
0.15252076089382172,0.17575737833976746,-0.057382151484489441,-0.00028660893440246582,0.023269787430763245,-0.11332306265830994,-0.038992002606391907,-0.23980960249900818,0.057382151484489441,0.00028660893440246582,0.19007883965969086,-0.083091765642166138,0.10354022681713104,-0.20054617524147034,0.012134209275245667,0.12720999121665955,0.16709958016872406,0.12182757258415222
0.15120837092399597,0.18574854731559753,-0.057387769222259521,-0.0010330379009246826,0.021869003772735596,-0.12293586134910583,-0.038821101188659668,-0.24919393658638,0.057387769222259521,0.0010330379009246826,0.18582502007484436,-0.091038614511489868,0.10420167446136475,-0.21108278632164001,0.0076404809951782227,0.13450285792350769,0.16501930356025696,0.12593570351600647
0.15107767283916473,0.18945011496543884,-0.054005220532417297,-0.00070896744728088379,0.019253149628639221,-0.13228467106819153,-0.03852139413356781,-0.25925657153129578,0.054005220532417297,0.00070896744728088379,0.1807665079832077,-0.098684698343276978,0.1047968715429306,-0.22182831168174744,0.0033284574747085571,0.1371208131313324,0.1632116287946701,0.12955567240715027
0.14062006771564484,0.20019811391830444,-0.051851198077201843,-0.00027024745941162109,0.012987241148948669,-0.13777631521224976,-0.042227908968925476,-0.27209442853927612,0.051851198077201843,0.00027024745941162109,0.16906090080738068,-0.10680621862411499,0.10062931478023529,-0.2335355281829834,-0.0036326795816421509,0.14126545190811157,0.156063511967659,0.13475877046585083
0.13004806637763977,0.20786365866661072,-0.05036512017250061,-0.00083675980567932129,0.0071066021919250488,-0.14108321070671082,-0.046268969774246216,-0.27784106135368347,0.05036512017250061,0.00083675980567932129,0.1580888032913208,-0.11142733693122864,0.096390575170516968,-0.24099412560462952,-0.011308848857879639,0.15135154128074646,0.14948463439941406,0.14287987351417542
0.11862871050834656,0.22080770134925842,-0.050311118364334106,-0.0021165907382965088,-0.0032326579093933105,-0.147076815366745,-0.049437075853347778,-0.28640380501747131,0.050311118364334106,0.0021165907382965088,0.14652550220489502,-0.11904695630073547,0.092431485652923584,-0.24980071187019348,-0.020607054233551025,0.1569804847240448,0.143410325050354,0.14687946438789368
0.11612431704998016,0.22618505358695984,-0.049326643347740173,-0.0014247000217437744,-0.011052742600440979,-0.14841839671134949,-0.051335230469703674,-0.29423949122428894,0.049326643347740173,0.0014247000217437744,0.13591326773166656,-0.12381133437156677,0.091135725378990173,-0.25766053795814514,-0.02556319534778595,0.16158238053321838,0.13864029943943024,0.15213647484779358
0.10435959696769714,0.23020333051681519,-0.047694504261016846,-0.0015557408332824707,-0.017553806304931641,-0.1566125750541687,-0.055159628391265869,-0.30329525470733643,0.047694504261016846,0.0015557408332824707,0.12387984991073608,-0.13332927227020264,0.087282389402389526,-0.26839631795883179,-0.03442719578742981,0.16407328844070435,0.13055363297462463,0.15403741598129272
0.09199245274066925,0.23715770244598389,-0.050154164433479309,-0.00090754032135009766,-0.025712504982948303,-0.15558332204818726,-0.058476462960243225,-0.30761814117431641,0.050154164433479309,0.00090754032135009766,0.1099635511636734,-0.1350022554397583,0.083546772599220276,-0.27377939224243164,-0.043989494442939758,0.16988307237625122,0.12385638058185577,0.15954399108886719
0.08682289719581604,0.241901695728302,-0.051835685968399048,0.00030457973480224609,-0.03906935453414917,-0.15836405754089355,-0.066296756267547607,-0.31128662824630737,0.051835685968399048,-0.00030457973480224609,0.093974024057388306,-0.14021807909011841,0.075832873582839966,-0.28060322999954224,-0.059870243072509766,0.17052686214447021,0.11197608709335327,0.16041427850723267
0.07893449068069458,0.24123913049697876,-0.050411522388458252,-0.00025522708892822266,-0.045554161071777344,-0.15830332040786743,-0.06875196099281311,-0.314125657081604,0.050411522388458252,0.00025522708892822266,0.081568598747253418,-0.14164936542510986,0.073346078395843506,-0.28456562757492065,-0.06470373272895813,0.17198055982589722,0.10495680570602417,0.16278922557830811
0.067228779196739197,0.2442764937877655,-0.050625666975975037,-0.00023189187049865723,-0.057247713208198547,-0.15823367238044739,-0.076267972588539124,-0.31572476029396057,0.050625666975975037,0.00023189187049865723,0.067598685622215271,-0.14281359314918518,0.066439136862754822,-0.28644093871116638,-0.074080631136894226,0.17332610487937927,0.092353031039237976,0.1653544008731842
0.062192484736442566,0.24704056978225708,-0.050953105092048645,-0.00054079294204711914,-0.063131704926490784,-0.16366302967071533,-0.078370079398155212,-0.31684607267379761,0.050953105092048645,0.00054079294204711914,0.058759972453117371,-0.14626365900039673,0.065209671854972839,-0.28856897354125977,-0.077687844634056091,0.17254358530044556,0.089657977223396301,0.16565781831741333
0.058549046516418457,0.24411016702651978,-0.049490541219711304,-0.00058311223983764648,-0.066220194101333618,-0.17171519994735718,-0.076313942670822144,-0.32126307487487793,0.049490541219711304,0.00058311223983764648,0.057041376829147339,-0.14926475286483765,0.06702721118927002,-0.29228532314300537,-0.077204614877700806,0.16930955648422241,0.089719057083129883,0.16186505556106567
0.056879669427871704,0.24412673711776733,-0.050686776638031006,-0.00038325786590576172,-0.069357991218566895,-0.17030274868011475,-0.077825635671615601,-0.32135450839996338,0.050686776638031006,0.00038325786590576172,0.055536061525344849,-0.14862477779388428,0.066693365573883057,-0.2921288013458252,-0.078920513391494751,0.16958874464035034,0.088049948215484619,0.16185057163238525
0.053529933094978333,0.24392604827880859,-0.050849094986915588,-0.00037872791290283203,-0.069952413439750671,-0.1701812744140625,-0.080160781741142273,-0.32136344909667969,0.050849094986915588,0.00037872791290283203,0.05529119074344635,-0.15058320760726929,0.064263448119163513,-0.292122483253479,-0.082284793257713318,0.16941803693771362,0.085398301482200623,0.16161727905273438
0.050861820578575134,0.24450820684432983,-0.050455823540687561,-0.00053232908248901367,-0.070890262722969055,-0.17255955934524536,-0.083089575171470642,-0.32074284553527832,0.050455823540687561,0.00053232908248901367,0.055202916264533997,-0.1528397798538208,0.060965374112129211,-0.29189151525497437,-0.085369393229484558,0.16950935125350952,0.081867560744285583,0.1615980863571167
0.048396706581115723,0.24369269609451294,-0.050966560840606689,-0.00053095817565917969,-0.07153010368347168,-0.1723024845123291,-0.084824681282043457,-0.32117104530334473,0.050966560840606689,0.00053095817565917969,0.054165452718734741,-0.15353250503540039,0.059163302183151245,-0.2926102876663208,-0.087757617235183716,0.16893571615219116,0.079953759908676147,0.16085350513458252
0.045739635825157166,0.24344846606254578,-0.051606550812721252,-0.00075319409370422363,-0.073408320546150208,-0.17244818806648254,-0.086793139576911926,-0.32149389386177063,0.051606550812721252,0.00075319409370422363,0.05214284360408783,-0.15337958931922913,0.056914940476417542,-0.29264238476753235,-0.090238973498344421,0.16892912983894348,0.077703192830085754,0.16088137030601501
0.045338496565818787,0.24360853433609009,-0.051451101899147034,-0.00070428848266601562,-0.072737202048301697,-0.17194122076034546,-0.086706027388572693,-0.32133203744888306,0.051451101899147034,0.00070428848266601562,0.05348534882068634,-0.15366876125335693,0.057105973362922668,-0.29266929626464844,-0.090532943606376648,0.16904950141906738,0.077200427651405334,0.16095441579818726
0.046183258295059204,0.24331477284431458,-0.051796048879623413,-0.0007857978343963623,-0.071324288845062256,-0.171854168176651,-0.08666267991065979,-0.32165870070457458,0.051796048879623413,0.0007857978343963623,0.053507715463638306,-0.15398022532463074,0.056907624006271362,-0.29335954785346985,-0.090917229652404785,0.16883650422096252,0.076955467462539673,0.16049489378929138
0.047146648168563843,0.24526110291481018,-0.05123436450958252,-0.0020466744899749756,-0.069810807704925537,-0.1700461208820343,-0.085633575916290283,-0.31970807909965515,0.05123436450958252,0.0020466744899749756,0.055309504270553589,-0.1522040069103241,0.057815194129943848,-0.29134979844093323,-0.08979189395904541,0.1707133948802948,0.077810585498809814,0.16272708773612976
0.047324076294898987,0.24562132358551025,-0.049916371703147888,-0.0017181038856506348,-0.067618712782859802,-0.16890108585357666,-0.085527345538139343,-0.3195500373840332,0.049916371703147888,0.0017181038856506348,0.056108549237251282,-0.15211480855941772,0.057822898030281067,-0.29088246822357178,-0.08959101140499115,0.17110079526901245,0.078010633587837219,0.16305750608444214
0.048552662134170532,0.24647340178489685,-0.048976778984069824,-0.0017137229442596436,-0.065203011035919189,-0.16723456978797913,-0.084100335836410522,-0.31794753670692444,0.048976778984069824,0.0017137229442596436,0.059098899364471436,-0.15110853314399719,0.059209942817687988,-0.29011073708534241,-0.088040292263031006,0.17201563715934753,0.079671800136566162,0.16330030560493469
0.047116592526435852,0.24603864550590515,-0.051480188965797424,-0.0016794502735137939,-0.062704131007194519,-0.16721805930137634,-0.084519371390342712,-0.3194403350353241,0.051480188965797424,0.0016794502735137939,0.060008779168128967,-0.14919522404670715,0.057960852980613708,-0.2901059091091156,-0.08854927122592926,0.17124602198600769,0.078926309943199158,0.16306081414222717
0.050295889377593994,0.24807506799697876,-0.051632225513458252,-0.00016951560974121094,-0.056071758270263672,-0.16466265916824341,-0.08228224515914917,-0.31799542903900146,0.051632225513458252,0.00016951560974121094,0.06543886661529541,-0.14696347713470459,0.060185760259628296,-0.28741884231567383,-0.084700465202331543,0.17284709215164185,0.081612586975097656,0.1639365553855896
0.059383630752563477,0.24685311317443848,-0.050537824630737305,0.00042307376861572266,-0.04571804404258728,-0.16379308700561523,-0.075498044490814209,-0.31735223531723022,0.050537824630737305,-0.00042307376861572266,0.077682197093963623,-0.14739155769348145,0.065981030464172363,-0.2858312726020813,-0.077336966991424561,0.17316091060638428,0.08869054913520813,0.16341668367385864
0.067157953977584839,0.24258372187614441,-0.050882726907730103,-0.00024399161338806152,-0.038602441549301147,-0.16335317492485046,-0.069856703281402588,-0.31372281908988953,0.050882726907730103,0.00024399161338806152,0.091312795877456665,-0.14626875519752502,0.069881945848464966,-0.28325048089027405,-0.072010546922683716,0.17311128973960876,0.094546288251876831,0.16277864575386047
0.075442001223564148,0.24312332272529602,-0.050745144486427307,-0.00019297003746032715,-0.031189188361167908,-0.16376993060112,-0.065736934542655945,-0.31091645359992981,0.050745144486427307,0.00019297003746032715,0.10385094583034515,-0.14435639977455139,0.07402445375919342,-0.28094133734703064,-0.066283866763114929,0.17212221026420593,0.10103906691074371,0.16192349791526794
0.082494258880615234,0.23889312148094177,-0.050881505012512207,-0.0005646049976348877,-0.025618582963943481,-0.161783367395401,-0.0630607008934021,-0.30764231085777283,0.050881505012512207,0.0005646049976348877,0.11784631013870239,-0.13845744729042053,0.077779531478881836,-0.27467074990272522,-0.059291601181030273,0.17157366871833801,0.10486149787902832,0.15946069359779358
0.088773965835571289,0.23338645696640015,-0.048976242542266846,-0.00027734041213989258,-0.019542336463928223,-0.15973943471908569,-0.05981522798538208,-0.30577200651168823,0.048976242542266846,0.00027734041213989258,0.12878432869911194,-0.13622105121612549,0.081615924835205078,-0.27050703763961792,-0.050181031227111816,0.16471141576766968,0.11083883047103882,0.15605592727661133
0.094840869307518005,0.22995978593826294,-0.049012228846549988,-0.0009104609489440918,-0.0122193843126297,-0.15604704618453979,-0.055045738816261292,-0.29841440916061401,0.049012228846549988,0.0009104609489440918,0.14380277693271637,-0.13062310218811035,0.087601646780967712,-0.26304513216018677,-0.040350630879402161,0.16300284862518311,0.11982510983943939,0.15356302261352539
0.096925511956214905,0.22413241863250732,-0.05105532705783844,-0.0003719329833984375,-0.0074524134397506714,-0.15395468473434448,-0.052107557654380798,-0.29253864288330078,0.05105532705783844,0.0003719329833984375,0.15575872361660004,-0.12443971633911133,0.09215034544467926,-0.25558245182037354,-0.03090222179889679,0.15553385019302368,0.12715478241443634,0.14859962463378906
0.11029784381389618,0.21759921312332153,-0.051089420914649963,-0.0013744235038757324,-0.0043619722127914429,-0.14526396989822388,-0.050438925623893738,-0.28190422058105469,0.051089420914649963,0.0013744235038757324,0.16518087685108185,-0.1148536205291748,0.093753233551979065,-0.24229151010513306,-0.022259220480918884,0.15338581800460815,0.13392765820026398,0.14657920598983765
0.117240309715271,0.21146497130393982,-0.051488906145095825,-0.0033995211124420166,-1.570582389831543e-05,-0.13701751828193665,-0.048862993717193604,-0.26870056986808777,0.051488906145095825,0.0033995211124420166,0.17355820536613464,-0.10518810153007507,0.096435129642486572,-0.22920653223991394,-0.015208303928375244,0.14847543835639954,0.13887390494346619,0.14380630850791931
0.12730500102043152,0.20310729742050171,-0.051655352115631104,-0.002096712589263916,0.0081942379474639893,-0.12966609001159668,-0.042289048433303833,-0.25901001691818237,0.051655352115631104,0.002096712589263916,0.1866915225982666,-0.097028255462646484,0.10383310914039612,-0.21866416931152344,-0.0045455396175384521,0.1414569616317749,0.14922451972961426,0.13940942287445068
0.1257108747959137,0.19405573606491089,-0.052789062261581421,-0.0023766160011291504,0.0079728066921234131,-0.12279492616653442,-0.042455166578292847,-0.24928677082061768,0.052789062261581421,0.0023766160011291504,0.19246792793273926,-0.08762127161026001,0.10345083475112915,-0.20728439092636108,-0.00088295340538024902,0.13675117492675781,0.1541246771812439,0.1346403956413269
0.13184307515621185,0.18625378608703613,-0.054554656147956848,-0.0021739602088928223,0.0087857097387313843,-0.11365151405334473,-0.042453303933143616,-0.23895007371902466,0.054554656147956848,0.0021739602088928223,0.1956193596124649,-0.07925337553024292,0.1030413955450058,-0.19703066349029541,0.0024343281984329224,0.13008952140808105,0.15809763967990875,0.12886863946914673
0.13157801330089569,0.17815515398979187,-0.057538494467735291,-0.0015655457973480225,0.0062208324670791626,-0.10287865996360779,-0.046557262539863586,-0.2261786162853241,0.057538494467735291,0.0015655457973480225,0.19413174688816071,-0.069551557302474976,0.098993584513664246,-0.18387439846992493,0.0039957016706466675,0.12546268105506897,0.15837390720844269,0.1251426637172699
0.14334358274936676,0.16978463530540466,-0.060414597392082214,-0.00060710310935974121,0.012587681412696838,-0.09497186541557312,-0.040906444191932678,-0.21868404746055603,0.060414597392082214,0.00060710310935974121,0.20367385447025299,-0.0643482506275177,0.10446621477603912,-0.17638161778450012,0.0094394534826278687,0.11809536814689636,0.16415156424045563,0.1200273334980011
0.13820040225982666,0.16717413067817688,-0.059639811515808105,-0.0026184618473052979,0.0067654848098754883,-0.084668010473251343,-0.047162920236587524,-0.20831987261772156,0.059639811515808105,0.0026184618473052979,0.20014744997024536,-0.054931074380874634,0.096941500902175903,-0.16534057259559631,0.0032148659229278564,0.11492851376533508,0.15960973501205444,0.1167047917842865
0.14422547817230225,0.16053581237792969,-0.058465421199798584,-0.0016786456108093262,0.0094623863697052002,-0.080442309379577637,-0.043799996376037598,-0.20293152332305908,0.058465421199798584,0.0016786456108093262,0.20559120178222656,-0.050881266593933105,0.10010245442390442,-0.15971499681472778,0.0076852142810821533,0.11096149682998657,0.16433674097061157,0.11180794239044189
0.1421254426240921,0.15521338582038879,-0.058802470564842224,-0.0028961002826690674,0.0068896859884262085,-0.075960844755172729,-0.046188965439796448,-0.1968027651309967,0.058802470564842224,0.0028961002826690674,0.20482613146305084,-0.045139282941818237,0.097188934683799744,-0.15442153811454773,0.0081217736005783081,0.10847046971321106,0.16331948339939117,0.11102071404457092
0.14264430105686188,0.15240997076034546,-0.056192055344581604,-0.0036039352416992188,0.0092507749795913696,-0.073823392391204834,-0.04444374144077301,-0.19522786140441895,0.056192055344581604,0.0036039352416992188,0.20730848610401154,-0.043068766593933105,0.098111525177955627,-0.15236914157867432,0.0086409300565719604,0.10447418689727783,0.16395021975040436,0.10839515924453735
0.14464960992336273,0.15091949701309204,-0.055720880627632141,-0.0038422346115112305,0.013389125466346741,-0.072735249996185303,-0.041455730795860291,-0.19402426481246948,0.055720880627632141,0.0038422346115112305,0.20937679708003998,-0.041138231754302979,0.10049037635326385,-0.1506805419921875,0.01158393919467926,0.10481250286102295,0.16669712960720062,0.10820770263671875
0.14436735212802887,0.15308153629302979,-0.055758580565452576,-0.0038421750068664551,0.013937398791313171,-0.075368642807006836,-0.041527882218360901,-0.19509804248809814,0.055758580565452576,0.0038421750068664551,0.20892335474491119,-0.042852103710174561,0.099975302815437317,-0.15192347764968872,0.010329172015190125,0.10571354627609253,0.16606433689594269,0.10866820812225342
0.14428648352622986,0.15526828169822693,-0.0586090087890625,-0.0032083690166473389,0.015278398990631104,-0.076546281576156616,-0.042412370443344116,-0.19660308957099915,0.0586090087890625,0.0032083690166473389,0.20900508761405945,-0.045691460371017456,0.10030102729797363,-0.15474197268486023,0.011867910623550415,0.10920402407646179,0.16562792658805847,0.11079141497612
0.1433195173740387,0.16018196940422058,-0.059004604816436768,-0.0035028755664825439,0.014776617288589478,-0.08240625262260437,-0.043811142444610596,-0.2029087245464325,0.059004604816436768,0.0035028755664825439,0.20515832304954529,-0.052257388830184937,0.099186360836029053,-0.15985545516014099,0.0079724788665771484,0.11190095543861389,0.16433557868003845,0.1109408438205719
0.1421089768409729,0.16657367348670959,-0.059950381517410278,-0.0031250417232513428,0.017787009477615356,-0.086759001016616821,-0.043435662984848022,-0.20863112807273865,0.059950381517410278,0.0031250417232513428,0.20295852422714233,-0.057046979665756226,0.099548429250717163,-0.16585490107536316,0.0072355568408966064,0.11610761284828186,0.16283398866653442,0.11618217825889587
0.14740423858165741,0.16898316144943237,-0.061207607388496399,-0.00014144182205200195,0.022193089127540588,-0.095434486865997314,-0.037915810942649841,-0.21928137540817261,0.061207607388496399,0.00014144182205200195,0.20481042563915253,-0.066933572292327881,0.10487861931324005,-0.17659658193588257,0.011638328433036804,0.11912751197814941,0.16773734986782074,0.11758255958557129
0.14532338082790375,0.17343425750732422,-0.05775238573551178,-0.00018292665481567383,0.021578684449195862,-0.10201781988143921,-0.03885863721370697,-0.22847747802734375,0.05775238573551178,0.00018292665481567383,0.19945411384105682,-0.073852479457855225,0.10339619219303131,-0.18646687269210815,0.01212899386882782,0.12528425455093384,0.16574732959270477,0.12173670530319214
0.14633922278881073,0.1763266921043396,-0.05651874840259552,-1.1265277862548828e-05,0.023746594786643982,-0.11561673879623413,-0.035978928208351135,-0.24048995971679688,0.05651874840259552,1.1265277862548828e-05,0.19644199311733246,-0.084463655948638916,0.10709668695926666,-0.19958829879760742,0.01105065643787384,0.12806445360183716,0.1668417900800705,0.12307232618331909
0.13850767910480499,0.18554788827896118,-0.055598363280296326,-0.00026911497116088867,0.017295405268669128,-0.1241496205329895,-0.039522543549537659,-0.25057357549667358,0.055598363280296326,0.00026911497116088867,0.18877162039279938,-0.093607187271118164,0.10398881137371063,-0.21047991514205933,0.0035869330167770386,0.13284975290298462,0.15986694395542145,0.12907868623733521
0.1318797767162323,0.19216573238372803,-0.0520973801612854,-0.00084012746810913086,0.016128093004226685,-0.1309058666229248,-0.039844304323196411,-0.25874656438827515,0.0520973801612854,0.00084012746810913086,0.18200170993804932,-0.099481642246246338,0.10356348752975464,-0.21949386596679688,0.00051340460777282715,0.13815003633499146,0.15739893913269043,0.13440096378326416
0.12079370021820068,0.20305687189102173,-0.05216410756111145,-0.0013067722320556641,0.0067987740039825439,-0.13620519638061523,-0.046233117580413818,-0.27018702030181885,0.05216410756111145,0.0013067722320556641,0.17007753252983093,-0.10661149024963379,0.097669482231140137,-0.22966140508651733,-0.010978937149047852,0.14330202341079712,0.14795699715614319,0.1398932933807373
0.11917170882225037,0.21236082911491394,-0.05191802978515625,-0.00098350644111633301,0.00039240717887878418,-0.14036795496940613,-0.04814419150352478,-0.27450159192085266,0.05191802978515625,0.00098350644111633301,0.15960261225700378,-0.10963419079780579,0.095130294561386108,-0.2375052273273468,-0.016264557838439941,0.15416827797889709,0.14112010598182678,0.14738795161247253
0.11348520219326019,0.22278192639350891,-0.05170951783657074,-0.00093171000480651855,-0.0082258433103561401,-0.14773097634315491,-0.050195470452308655,-0.2844221293926239,0.05170951783657074,0.00093171000480651855,0.14938218891620636,-0.11825200915336609,0.092906460165977478,-0.24811336398124695,-0.022921100258827209,0.15911290049552917,0.13574822247028351,0.14970001578330994
0.10037049651145935,0.22720414400100708,-0.051524341106414795,-0.00087982416152954102,-0.016603589057922363,-0.15148645639419556,-0.056462854146957397,-0.29278558492660522,0.051524341106414795,0.00087982416152954102,0.13455262780189514,-0.12493503093719482,0.085773438215255737,-0.25745183229446411,-0.037455379962921143,0.16271376609802246,0.12576720118522644,0.153545081615448
0.093736499547958374,0.23007121682167053,-0.051658660173416138,0.00024655461311340332,-0.02253684401512146,-0.15522721409797668,-0.060268491506576538,-0.30205187201499939,0.051658660173416138,-0.00024655461311340332,0.12300342321395874,-0.13324102759361267,0.082220554351806641,-0.26807346940040588,-0.047022849321365356,0.16534796357154846,0.11723646521568298,0.15587154030799866
0.083787858486175537,0.23915344476699829,-0.053019702434539795,-0.00091224908828735352,-0.031476140022277832,-0.15821897983551025,-0.066048085689544678,-0.30281919240951538,0.053019702434539795,0.00091224908828735352,0.10824796557426453,-0.1367306113243103,0.076516568660736084,-0.2715606689453125,-0.061099410057067871,0.17274963855743408,0.10399222373962402,0.16135269403457642
0.078852057456970215,0.24224475026130676,-0.051828324794769287,0.0002085268497467041,-0.037962049245834351,-0.16056928038597107,-0.067188799381256104,-0.31080201268196106,0.051828324794769287,-0.0002085268497467041,0.098207473754882812,-0.14112928509712219,0.075975418090820312,-0.27934315800666809,-0.066917061805725098,0.17287620902061462,0.099901944398880005,0.16290727257728577
0.071053698658943176,0.24283373355865479,-0.049563691020011902,-0.00034296512603759766,-0.049275532364845276,-0.16046398878097534,-0.074641123414039612,-0.31203806400299072,0.049563691020011902,0.00034296512603759766,0.082248643040657043,-0.14346545934677124,0.068763092160224915,-0.28238403797149658,-0.078134551644325256,0.17444527149200439,0.088941380381584167,0.16621959209442139
0.06154884397983551,0.24620237946510315,-0.048398151993751526,-0.0006001889705657959,-0.055617049336433411,-0.1654689610004425,-0.077147141098976135,-0.31709453463554382,0.048398151993751526,0.0006001889705657959,0.070564731955528259,-0.14566740393638611,0.06685127317905426,-0.28695687651634216,-0.082702174782752991,0.17453333735466003,0.083390280604362488,0.16533747315406799
0.058357864618301392,0.24816408753395081,-0.049183279275894165,-0.00040599703788757324,-0.059983104467391968,-0.16669937968254089,-0.077467471361160278,-0.31639090180397034,0.049183279275894165,0.00040599703788757324,0.062715202569961548,-0.14542362093925476,0.067179411649703979,-0.28714582324028015,-0.08462938666343689,0.17623701691627502,0.078712970018386841,0.16788157820701599
0.054026558995246887,0.24663397669792175,-0.048210069537162781,-0.00043347477912902832,-0.059865966439247131,-0.16952303051948547,-0.077823534607887268,-0.31677451729774475,0.048210069537162781,0.00043347477912902832,0.058978155255317688,-0.14700236916542053,0.066974088549613953,-0.28852763772010803,-0.086597070097923279,0.175202876329422,0.074831649661064148,0.16665735840797424
0.053175017237663269,0.24563142657279968,-0.049251750111579895,-0.0017717182636260986,-0.059371724724769592,-0.17108330130577087,-0.077151671051979065,-0.31802496314048767,0.049251750111579895,0.0017717182636260986,0.059723600745201111,-0.14868107438087463,0.067649766802787781,-0.28968086838722229,-0.088060244917869568,0.17324641346931458,0.072058543562889099,0.16475674510002136
0.049356088042259216,0.24774739146232605,-0.049993947148323059,-0.0012725889682769775,-0.059316113591194153,-0.16904053092002869,-0.078540340065956116,-0.31648102402687073,0.049993947148323059,0.0012725889682769775,0.061605885624885559,-0.14831718802452087,0.065830782055854797,-0.2877715528011322,-0.09202970564365387,0.17425122857093811,0.068030938506126404,0.16559508442878723
0.048423707485198975,0.24972784519195557,-0.05012163519859314,-0.0015808343887329102,-0.056008517742156982,-0.16779148578643799,-0.078117817640304565,-0.31473362445831299,0.05012163519859314,0.0015808343887329102,0.065076738595962524,-0.14757442474365234,0.065823525190353394,-0.28617668151855469,-0.092721849679946899,0.17562973499298096,0.06666216254234314,0.16620564460754395
0.047274261713027954,0.24926865100860596,-0.050174027681350708,-0.0016775131225585938,-0.055663913488388062,-0.16779464483261108,-0.078353315591812134,-0.31574946641921997,0.050174027681350708,0.0016775131225585938,0.066288501024246216,-0.14685451984405518,0.064813166856765747,-0.28672182559967041,-0.094311147928237915,0.17532551288604736,0.06624940037727356,0.1656501293182373
0.043470904231071472,0.24897244572639465,-0.049226567149162292,-0.0013139545917510986,-0.059096768498420715,-0.16846540570259094,-0.082050994038581848,-0.31573686003684998,0.049226567149162292,0.0013139545917510986,0.06248946487903595,-0.14653703570365906,0.059973582625389099,-0.28789088129997253,-0.098277762532234192,0.17476430535316467,0.061911419034004211,0.16568359732627869
0.042490378022193909,0.24881812930107117,-0.049368664622306824,-0.0011171996593475342,-0.060364529490470886,-0.16934463381767273,-0.082810983061790466,-0.3160412609577179,0.049368664622306824,0.0011171996593475342,0.062055245041847229,-0.14667966961860657,0.059332147240638733,-0.28801456093788147,-0.099229440093040466,0.17474892735481262,0.061196371912956238,0.16560348868370056
0.042246192693710327,0.24632543325424194,-0.048621416091918945,-0.0017046928405761719,-0.059451371431350708,-0.17120420932769775,-0.082161039113998413,-0.31832778453826904,0.048621416091918945,0.0017046928405761719,0.062797397375106812,-0.14962506294250488,0.059952497482299805,-0.29060417413711548,-0.098890483379364014,0.1721116304397583,0.061419695615768433,0.16311001777648926
0.04244522750377655,0.24633747339248657,-0.048421546816825867,-0.001589357852935791,-0.05874355137348175,-0.17060685157775879,-0.081638380885124207,-0.31853795051574707,0.048421546816825867,0.001589357852935791,0.063019618391990662,-0.14946770668029785,0.06017516553401947,-0.29062438011169434,-0.09857042133808136,0.17210257053375244,0.06165061891078949,0.16276758909225464
0.044513389468193054,0.24643167853355408,-0.04752032458782196,-0.0013286769390106201,-0.05685858428478241,-0.17103716731071472,-0.080291345715522766,-0.31854060292243958,0.04752032458782196,0.0013286769390106201,0.064656719565391541,-0.14960524439811707,0.061706408858299255,-0.29029223322868347,-0.097116664052009583,0.17274311184883118,0.063103273510932922,0.16278728842735291
0.047244742512702942,0.24629136919975281,-0.046904727816581726,-0.0017872750759124756,-0.052870318293571472,-0.17066594958305359,-0.077831760048866272,-0.3183232843875885,0.046904727816581726,0.0017872750759124756,0.068031623959541321,-0.14964982867240906,0.064315423369407654,-0.29089918732643127,-0.094219163060188293,0.17298397421836853,0.065364792943000793,0.16240528225898743
0.04921036958694458,0.2452719509601593,-0.046113073825836182,-0.0019954144954681396,-0.051536500453948975,-0.1729186475276947,-0.078047096729278564,-0.31953641772270203,0.046113073825836182,0.0019954144954681396,0.068271815776824951,-0.15085157752037048,0.063020825386047363,-0.29127058386802673,-0.093697488307952881,0.17212727665901184,0.065426290035247803,0.16085144877433777
0.049901276826858521,0.24513465166091919,-0.047640502452850342,-0.0018736720085144043,-0.045474976301193237,-0.16941201686859131,-0.075789749622344971,-0.31888741254806519,0.047640502452850342,0.0018736720085144043,0.073239892721176147,-0.15068167448043823,0.064506500959396362,-0.29032051563262939,-0.090315490961074829,0.17264145612716675,0.067816674709320068,0.16098946332931519
0.05454641580581665,0.24480992555618286,-0.048824578523635864,-0.0010511279106140137,-0.04272124171257019,-0.16672396659851074,-0.073218613862991333,-0.31460297107696533,0.048824578523635864,0.0010511279106140137,0.080043643712997437,-0.14739328622817993,0.066052049398422241,-0.28600913286209106,-0.087452620267868042,0.17560338973999023,0.071497619152069092,0.16294610500335693
0.059694543480873108,0.24293702840805054,-0.048668965697288513,-0.00010949373245239258,-0.036840870976448059,-0.16628646850585938,-0.070215329527854919,-0.3121601939201355,0.048668965697288513,0.00010949373245239258,0.09144236147403717,-0.14697265625,0.069009914994239807,-0.28288161754608154,-0.082895711064338684,0.17706012725830078,0.075959786772727966,0.16408002376556396
0.068857848644256592,0.24692738056182861,-0.050641775131225586,-0.0011905431747436523,-0.030143618583679199,-0.16210544109344482,-0.064981997013092041,-0.30806863307952881,0.050641775131225586,0.0011905431747436523,0.10418283939361572,-0.14133703708648682,0.07432025671005249,-0.27729475498199463,-0.075026661157608032,0.17830181121826172,0.088060855865478516,0.16517025232315063
0.079611301422119141,0.2397778332233429,-0.051980257034301758,-0.0012910664081573486,-0.025485396385192871,-0.1590752899646759,-0.062392175197601318,-0.3048759400844574,0.051980257034301758,0.0012910664081573486,0.11401864886283875,-0.13782629370689392,0.077722400426864624,-0.27281549572944641,-0.070053517818450928,0.17732915282249451,0.094678342342376709,0.16423270106315613
0.091308504343032837,0.23555254936218262,-0.048283129930496216,-0.00070106983184814453,-0.015026450157165527,-0.16045409440994263,-0.054053932428359985,-0.30497258901596069,0.048283129930496216,0.00070106983184814453,0.1309240460395813,-0.13469159603118896,0.086565583944320679,-0.27022320032119751,-0.056332975625991821,0.16983741521835327,0.10479959845542908,0.15992522239685059
0.10009250044822693,0.23123914003372192,-0.050099581480026245,-0.001094818115234375,-0.010050386190414429,-0.15957576036453247,-0.049423426389694214,-0.29889464378356934,0.050099581480026245,0.001094818115234375,0.14303308725357056,-0.12899136543273926,0.091177612543106079,-0.26377034187316895,-0.047808438539505005,0.16491127014160156,0.11235952377319336,0.15515279769897461
0.10371735692024231,0.22717505693435669,-0.050091028213500977,-0.0013658404350280762,-0.0083713233470916748,-0.15529972314834595,-0.047415792942047119,-0.29105305671691895,0.050091028213500977,0.0013658404350280762,0.15184327960014343,-0.1226578950881958,0.094493269920349121,-0.25444322824478149,-0.040562361478805542,0.16171211004257202,0.11732152104377747,0.15212899446487427
0.1213809996843338,0.21965873241424561,-0.051363691687583923,-0.0020868778228759766,-0.00123576819896698,-0.14640480279922485,-0.041553720831871033,-0.28162461519241333,0.051363691687583923,0.0020868778228759766,0.16590861976146698,-0.11261075735092163,0.10152612626552582,-0.2426714301109314,-0.027357921004295349,0.15882939100265503,0.1296834796667099,0.15137630701065063
0.1286688894033432,0.21367281675338745,-0.054794326424598694,-0.0015361905097961426,0.0016713589429855347,-0.1404767632484436,-0.039202913641929626,-0.2714201807975769,0.054794326424598694,0.0015361905097961426,0.1751486212015152,-0.10584795475006104,0.10481058061122894,-0.23293417692184448,-0.016209706664085388,0.15096777677536011,0.13979379832744598,0.14723449945449829
0.13802094757556915,0.20538419485092163,-0.05341927707195282,-0.0028578042984008789,0.0061316937208175659,-0.13286960124969482,-0.034474179148674011,-0.26090174913406372,0.05341927707195282,0.0028578042984008789,0.18376339972019196,-0.096915245056152344,0.10943551361560822,-0.22207260131835938,-0.006835058331489563,0.14691716432571411,0.14943899214267731,0.14068758487701416
0.14274702966213226,0.19554033875465393,-0.054882869124412537,-0.0026893317699432373,0.0055033117532730103,-0.12696889042854309,-0.035827472805976868,-0.25330492854118347,0.054882869124412537,0.0026893317699432373,0.18770207464694977,-0.090845972299575806,0.10880707204341888,-0.21349772810935974,-0.00087819993495941162,0.13706162571907043,0.15144254267215729,0.1351262629032135
0.15526753664016724,0.18390202522277832,-0.055389553308486938,-0.0019546151161193848,0.011738359928131104,-0.11812323331832886,-0.030450493097305298,-0.2431488037109375,0.055389553308486938,0.0019546151161193848,0.19558626413345337,-0.081077754497528076,0.1138274073600769,-0.2022782564163208,0.0082955658435821533,0.13220494985580444,0.16108733415603638,0.13250190019607544
0.15904322266578674,0.17935127019882202,-0.055092871189117432,-0.0026688575744628906,0.012633860111236572,-0.11011451482772827,-0.029609829187393188,-0.23445630073547363,0.055092871189117432,0.0026688575744628906,0.19989868998527527,-0.072401344776153564,0.1145501434803009,-0.19233399629592896,0.014069557189941406,0.12659400701522827,0.16513749957084656,0.1258423924446106
0.16508772969245911,0.17109298706054688,-0.056863307952880859,-0.0033445358276367188,0.012594044208526611,-0.10060197114944458,-0.029509425163269043,-0.22640234231948853,0.056863307952880859,0.0033445358276367188,0.20374807715415955,-0.066301643848419189,0.11411318182945251,-0.18377256393432617,0.016755580902099609,0.11974328756332397,0.16806617379188538,0.11946898698806763
0.17155174911022186,0.16050964593887329,-0.056528195738792419,-0.005585789680480957,0.01158006489276886,-0.092267692089080811,-0.029176697134971619,-0.21861928701400757,0.056528195738792419,0.005585789680480957,0.20959405601024628,-0.058387339115142822,0.1145135909318924,-0.17510467767715454,0.019694194197654724,0.1152382493019104,0.17272679507732391,0.11394226551055908
0.1726841926574707,0.15709951519966125,-0.056532353162765503,-0.0027704536914825439,0.0089493393898010254,-0.082116991281509399,-0.029651671648025513,-0.20979693531990051,0.056532353162765503,0.0027704536914825439,0.21251583099365234,-0.048701077699661255,0.11407771706581116,-0.16603925824165344,0.020588964223861694,0.1130509078502655,0.17319142818450928,0.11117824912071228
0.17572762072086334,0.15305206179618835,-0.054176792502403259,-0.0048091709613800049,0.0081291049718856812,-0.076457887887954712,-0.027396991848945618,-0.20188924670219421,0.054176792502403259,0.0048091709613800049,0.21661128103733063,-0.039586752653121948,0.116286501288414,-0.15730538964271545,0.022681668400764465,0.11117896437644958,0.17609252035617828,0.11131349205970764
0.17697626352310181,0.14956867694854736,-0.054891973733901978,-0.0034766793251037598,0.007571786642074585,-0.073095798492431641,-0.027413249015808105,-0.19593507051467896,0.054891973733901978,0.0034766793251037598,0.22047555446624756,-0.032569766044616699,0.1160370409488678,-0.15160244703292847,0.022315770387649536,0.10808283090591431,0.17703831195831299,0.11039960384368896
0.17563679814338684,0.14884200692176819,-0.055670946836471558,-0.0040831863880157471,0.0066463351249694824,-0.07378271222114563,-0.027852118015289307,-0.19501045346260071,0.055670946836471558,0.0040831863880157471,0.2208990752696991,-0.029793351888656616,0.11585244536399841,-0.14982643723487854,0.021776735782623291,0.10581162571907043,0.17548152804374695,0.10986617207527161
0.1748693436384201,0.14988908171653748,-0.055737003684043884,-0.0045172274112701416,0.0072158724069595337,-0.073411315679550171,-0.027997598052024841,-0.19355085492134094,0.055737003684043884,0.0045172274112701416,0.22013281285762787,-0.029279321432113647,0.11610634624958038,-0.14873340725898743,0.019874706864356995,0.10645899176597595,0.17519466578960419,0.11068364977836609
0.17434793710708618,0.1501806378364563,-0.054710745811462402,-0.0039281249046325684,0.0096688568592071533,-0.073426485061645508,-0.027600318193435669,-0.19367986917495728,0.054710745811462402,0.0039281249046325684,0.21995121240615845,-0.03064805269241333,0.11606791615486145,-0.1501280665397644,0.01903998851776123,0.10725146532058716,0.17488342523574829,0.11128675937652588
0.16999626159667969,0.15747451782226562,-0.054145485162734985,-0.0030887126922607422,0.013740390539169312,-0.074508607387542725,-0.026525765657424927,-0.19653737545013428,0.054145485162734985,0.0030887126922607422,0.2228350043296814,-0.036072850227355957,0.11715802550315857,-0.15313994884490967,0.01832309365272522,0.11000329256057739,0.17559909820556641,0.11192446947097778
0.17195224761962891,0.15483152866363525,-0.053456246852874756,-0.0031639933586120605,0.016516149044036865,-0.079669654369354248,-0.024573743343353271,-0.20184779167175293,0.053456246852874756,0.0031639933586120605,0.22093045711517334,-0.043588221073150635,0.11930683255195618,-0.16001009941101074,0.018754661083221436,0.1126478910446167,0.17424142360687256,0.11395090818405151
0.1684514582157135,0.15886169672012329,-0.05468440055847168,-0.003228604793548584,0.016148835420608521,-0.084943056106567383,-0.025824576616287231,-0.20981895923614502,0.05468440055847168,0.003228604793548584,0.21713683009147644,-0.052358508110046387,0.11766353249549866,-0.16756242513656616,0.016036450862884521,0.11346042156219482,0.1708432137966156,0.11557906866073608
0.16732998192310333,0.16275244951248169,-0.056594297289848328,-0.0044463276863098145,0.020703241229057312,-0.094345927238464355,-0.023635134100914001,-0.21808689832687378,0.056594297289848328,0.0044463276863098145,0.21150173246860504,-0.060548365116119385,0.1205134242773056,-0.17553174495697021,0.017507478594779968,0.1169096827507019,0.17136611044406891,0.11910396814346313
0.16318701207637787,0.17155596613883972,-0.05555175244808197,-0.0027479827404022217,0.020142450928688049,-0.10055771470069885,-0.023669108748435974,-0.2271321713924408,0.05555175244808197,0.0027479827404022217,0.20502941310405731,-0.069828122854232788,0.11881525814533234,-0.18569520115852356,0.016069605946540833,0.12013491988182068,0.16995076835155487,0.12090727686882019
0.15987783670425415,0.17466223239898682,-0.054659336805343628,-0.0015321969985961914,0.019677728414535522,-0.11413735151290894,-0.023978829383850098,-0.23915350437164307,0.054659336805343628,0.0015321969985961914,0.19929295778274536,-0.079908370971679688,0.11897337436676025,-0.19838833808898926,0.013754338026046753,0.1236109733581543,0.17055028676986694,0.12169754505157471
0.15734028816223145,0.17924028635025024,-0.055441617965698242,0.00076121091842651367,0.017572164535522461,-0.12253326177597046,-0.024796217679977417,-0.24765241146087646,0.055441617965698242,-0.00076121091842651367,0.1924462616443634,-0.086154282093048096,0.11864683032035828,-0.20680952072143555,0.01062127947807312,0.12998282909393311,0.16570201516151428,0.12807804346084595
0.15245027840137482,0.18974658846855164,-0.054535821080207825,-0.0013697445392608643,0.016706958413124084,-0.13029125332832336,-0.025694116950035095,-0.25989970564842224,0.054535821080207825,0.0013697445392608643,0.18554763495922089,-0.095971733331680298,0.11797712743282318,-0.21951743960380554,0.0060395747423171997,0.13388541340827942,0.16235677897930145,0.12988808751106262
0.14394053816795349,0.19824808835983276,-0.052223891019821167,-3.4749507904052734e-05,0.013828486204147339,-0.1324845552444458,-0.027141481637954712,-0.26610338687896729,0.052223891019821167,3.4749507904052734e-05,0.17822533845901489,-0.10186022520065308,0.11663371324539185,-0.22686392068862915,0.00068897008895874023,0.14291304349899292,0.15942025184631348,0.136211097240448
0.13839872181415558,0.20767173171043396,-0.055190637707710266,-0.00086435675621032715,0.0084696561098098755,-0.14095523953437805,-0.029841914772987366,-0.27746066451072693,0.055190637707710266,0.00086435675621032715,0.16769193112850189,-0.11106231808662415,0.11308471858501434,-0.23924419283866882,-0.0054733008146286011,0.14587870240211487,0.15483640134334564,0.1418205201625824
0.13220340013504028,0.21447566151618958,-0.05535656213760376,-0.001390606164932251,0.0020666718482971191,-0.14576885104179382,-0.034198850393295288,-0.28339961171150208,0.05535656213760376,0.001390606164932251,0.15626746416091919,-0.11760583519935608,0.1073513925075531,-0.24604246020317078,-0.018079608678817749,0.15555968880653381,0.14560911059379578,0.14880499243736267
0.1197659969329834,0.22226893901824951,-0.049690663814544678,-0.00098943710327148438,-0.0077218711376190186,-0.14910233020782471,-0.042183041572570801,-0.29156196117401123,0.049690663814544678,0.00098943710327148438,0.14067086577415466,-0.12347668409347534,0.099201232194900513,-0.25468498468399048,-0.029547750949859619,0.16146928071975708,0.13252559304237366,0.15285408496856689
0.11035482585430145,0.23383405804634094,-0.050962463021278381,-0.0018191635608673096,-0.012767776846885681,-0.15346077084541321,-0.043462648987770081,-0.29494562745094299,0.050962463021278381,0.0018191635608673096,0.13087673485279083,-0.12907460331916809,0.097409144043922424,-0.26165953278541565,-0.036581113934516907,0.16736438870429993,0.12464101612567902,0.15831062197685242
0.10606405138969421,0.23784372210502625,-0.052063882350921631,-0.00028374791145324707,-0.021221518516540527,-0.15670010447502136,-0.045951753854751587,-0.30413970351219177,0.052063882350921631,0.00028374791145324707,0.11915880441665649,-0.13583645224571228,0.09547191858291626,-0.27189043164253235,-0.042285233736038208,0.16983106732368469,0.12038907408714294,0.15969505906105042
0.097998157143592834,0.23562651872634888,-0.050600484013557434,-0.00010329484939575195,-0.033668622374534607,-0.16068845987319946,-0.054290130734443665,-0.31100523471832275,0.050600484013557434,0.00010329484939575195,0.10453589260578156,-0.1419256329536438,0.086739525198936462,-0.27883458137512207,-0.055137529969215393,0.17249768972396851,0.11063994467258453,0.16190451383590698
0.085164859890937805,0.24334061145782471,-0.049606606364250183,-0.00034278631210327148,-0.04256872832775116,-0.15955567359924316,-0.058942511677742004,-0.31339317560195923,0.049606606364250183,0.00034278631210327148,0.089475318789482117,-0.14068835973739624,0.082714810967445374,-0.28123480081558228,-0.061679527163505554,0.17548644542694092,0.10343511402606964,0.16755777597427368
0.079293280839920044,0.24274164438247681,-0.050147801637649536,-0.00032776594161987305,-0.04862174391746521,-0.162547767162323,-0.061318576335906982,-0.3191760778427124,0.050147801637649536,0.00032776594161987305,0.081392914056777954,-0.14462107419967651,0.080863058567047119,-0.28719919919967651,-0.066305696964263916,0.17493408918380737,0.099787533283233643,0.16673773527145386
0.070906922221183777,0.24380075931549072,-0.050910606980323792,-0.00060701370239257812,-0.054286286234855652,-0.17136698961257935,-0.063907071948051453,-0.32274651527404785,0.050910606980323792,0.00060701370239257812,0.070958957076072693,-0.14972448348999023,0.078524217009544373,-0.29177743196487427,-0.069392308592796326,0.17518925666809082,0.095707222819328308,0.16657817363739014
0.067120194435119629,0.24198755621910095,-0.04992946982383728,-0.0011365711688995361,-0.060444444417953491,-0.17647638916969299,-0.066228866577148438,-0.32433107495307922,0.04992946982383728,0.0011365711688995361,0.064127922058105469,-0.15281137824058533,0.075763106346130371,-0.29431018233299255,-0.074570029973983765,0.17361065745353699,0.090157032012939453,0.16552886366844177
